Chain1,Res1,ResName1,Atom1,Chain2,Res2,ResName2,Atom2,Distance,Type
A,2,c,OP1,B,17,K,NZ,3.16,HB
A,5,g,C6,B,15,K,NZ,3.54,HB
A,5,g,O6,B,15,K,NZ,2.58,HB
A,6,u,N3,B,15,K,NZ,3.28,HB
A,6,u,O4,B,15,K,NZ,2.59,HB
A,7,a,N6,B,14,D,OD1,2.62,HB
A,7,a,N6,B,14,D,OD2,3.19,HB
A,7,a,N1,B,47,R,NE,3.48,HB
A,7,a,N1,B,47,R,NH2,2.92,HB
A,8,u,N3,B,14,D,OD2,2.74,HB
A,8,u,O2,B,47,R,NE,2.81,HB
A,9,u,N3,B,11,N,OD1,2.71,HB
A,9,u,O4,B,75,K,NZ,2.58,HB
A,9,u,O2,B,78,R,NH2,2.79,HB
A,10,g,O6,B,11,N,N,2.97,HB
A,10,g,N1,B,47,R,O,3.31,HB
A,10,g,C2,B,47,R,O,3.23,HB
A,10,g,N2,B,47,R,O,3.59,HB
A,11,c,C6,B,8,Y,CG,4.1,HY
A,11,c,C6,B,8,Y,CD1,4.09,HY
A,11,c,C6,B,8,Y,CD2,3.93,HY
A,11,c,C6,B,8,Y,CE1,3.92,HY
A,11,c,C6,B,8,Y,CE2,3.77,HY
A,11,c,N4,B,80,Q,OE1,2.61,HB
A,11,c,N4,B,81,Y,O,3.47,HB
A,11,c,O2,B,83,K,N,3.17,HB
A,11,c,N3,B,83,K,N,3.12,HB
A,12,a,OP1,B,45,K,NZ,3.03,HB
A,12,a,N7,B,84,T,OG1,3.86,HB
A,12,a,N6,B,84,T,O,3.45,HB
A,12,a,N6,B,84,T,OG1,2.94,HB
A,12,a,N6,B,85,D,O,3.4,HB
A,12,a,N6,B,86,S,OG,3.53,HB
A,12,a,N1,B,86,S,OG,2.69,HB
A,13,g,C6,B,87,D,N,3.73,HB
A,13,g,O6,B,87,D,N,2.88,HB
A,14,u,O2,B,18,K,NZ,2.57,HB
A,14,u,O4,B,22,K,NZ,3.12,HB
A,14,u,C5,B,39,V,CG1,3.98,HY
A,14,u,N3,B,40,A,O,2.97,HB
A,14,u,O4,B,40,A,N,2.96,HB
A,16,c,OP1,B,18,K,NZ,3.1,HB
A,16,c,OP2,B,18,K,NZ,3.51,HB
A,17,c,OP2,B,18,K,NZ,3.27,HB
A,18,u,O4,B,15,K,NZ,2.81,HB
A,18,u,OP2,B,47,R,NH1,2.97,HB
A,18,u,OP2,B,47,R,NH2,3.41,HB