row,res.id,chain,no,seq,ss,old_type,phi,psi,area,pdb
ASG,ILE,B,6,1,C,Coil,360.00,99.62,125.0,1A9N
ASG,ARG,B,7,2,C,Coil,-69.97,156.44,207.8,1A9N
ASG,PRO,B,8,3,C,Coil,-47.93,142.14,73.5,1A9N
ASG,ASN,B,9,4,T,Turn,-143.25,154.72,10.8,1A9N
ASG,HIS,B,10,5,T,Turn,-66.62,-27.58,30.4,1A9N
ASG,THR,B,11,6,E,Strand,-105.22,136.58,0.0,1A9N
ASG,ILE,B,12,7,E,Strand,-112.35,145.86,0.0,1A9N
ASG,TYR,B,13,8,E,Strand,-108.17,121.33,39.9,1A9N
ASG,ILE,B,14,9,E,Strand,-112.56,137.92,0.0,1A9N
ASG,ASN,B,15,10,E,Strand,-140.57,173.08,31.3,1A9N
ASG,ASN,B,16,11,C,Coil,76.55,28.30,52.3,1A9N
ASG,MET,B,17,12,C,Coil,-92.48,146.94,7.2,1A9N
ASG,ASN,B,18,13,T,Turn,-65.60,110.45,41.6,1A9N
ASG,ASP,B,19,14,T,Turn,-79.48,7.69,56.5,1A9N
ASG,LYS,B,20,15,T,Turn,-87.27,-13.03,176.3,1A9N
ASG,ILE,B,21,16,T,Turn,-73.18,138.21,23.5,1A9N
ASG,LYS,B,22,17,C,Coil,-65.39,148.47,145.5,1A9N
ASG,LYS,B,23,18,H,AlphaHelix,-49.62,-46.27,87.6,1A9N
ASG,GLU,B,24,19,H,AlphaHelix,-71.48,-28.17,138.1,1A9N
ASG,GLU,B,25,20,H,AlphaHelix,-77.27,-41.16,67.3,1A9N
ASG,LEU,B,26,21,H,AlphaHelix,-59.76,-49.44,12.0,1A9N
ASG,LYS,B,27,22,H,AlphaHelix,-61.27,-41.66,57.6,1A9N
ASG,ARG,B,28,23,H,AlphaHelix,-69.58,-32.40,202.2,1A9N
ASG,SER,B,29,24,H,AlphaHelix,-75.31,-35.38,27.2,1A9N
ASG,LEU,B,30,25,H,AlphaHelix,-62.57,-44.31,0.2,1A9N
ASG,TYR,B,31,26,H,AlphaHelix,-60.88,-44.81,112.9,1A9N
ASG,ALA,B,32,27,H,AlphaHelix,-62.83,-59.72,56.6,1A9N
ASG,LEU,B,33,28,H,AlphaHelix,-49.45,-49.66,26.2,1A9N
ASG,PHE,B,34,29,H,AlphaHelix,-79.71,-6.11,0.0,1A9N
ASG,SER,B,35,30,H,AlphaHelix,-69.54,-23.99,65.8,1A9N
ASG,GLN,B,36,31,H,AlphaHelix,-61.14,-23.91,124.6,1A9N
ASG,PHE,B,37,32,C,Coil,-97.86,-13.57,30.1,1A9N
ASG,GLY,B,38,33,C,Coil,158.07,170.59,21.3,1A9N
ASG,HIS,B,39,34,C,Coil,-62.95,125.04,118.1,1A9N
ASG,VAL,B,40,35,E,Strand,-91.83,118.44,3.0,1A9N
ASG,VAL,B,41,36,E,Strand,-74.17,-41.06,46.4,1A9N
ASG,ASP,B,42,37,E,Strand,-167.15,162.81,63.1,1A9N
ASG,ILE,B,43,38,E,Strand,-132.18,125.97,9.5,1A9N
ASG,VAL,B,44,39,E,Strand,-110.96,119.02,60.1,1A9N
ASG,ALA,B,45,40,C,Coil,-150.97,128.18,8.7,1A9N
ASG,LEU,B,46,41,C,Coil,-123.05,160.55,78.1,1A9N
ASG,LYS,B,47,42,C,Coil,-107.40,12.13,68.5,1A9N
ASG,THR,B,48,43,T,Turn,-55.65,169.41,71.3,1A9N
ASG,MET,B,49,44,T,Turn,-60.80,-53.73,154.7,1A9N
ASG,LYS,B,50,45,T,Turn,-49.88,-56.07,174.0,1A9N
ASG,MET,B,51,46,T,Turn,-87.57,-12.87,36.9,1A9N
ASG,ARG,B,52,47,T,Turn,-49.67,148.55,77.6,1A9N
ASG,GLY,B,53,48,T,Turn,75.52,10.95,13.4,1A9N
ASG,GLN,B,54,49,T,Turn,-131.18,160.76,37.7,1A9N
ASG,ALA,B,55,50,E,Strand,-162.93,151.19,0.2,1A9N
ASG,PHE,B,56,51,E,Strand,-111.42,124.63,56.1,1A9N
ASG,VAL,B,57,52,E,Strand,-113.44,123.60,0.2,1A9N
ASG,ILE,B,58,53,E,Strand,-105.41,124.50,1.2,1A9N
ASG,PHE,B,59,54,E,Strand,-111.10,148.40,0.0,1A9N
ASG,LYS,B,60,55,T,Turn,-61.19,-51.17,26.1,1A9N
ASG,GLU,B,61,56,T,Turn,-95.52,140.43,132.2,1A9N
ASG,LEU,B,62,57,H,AlphaHelix,-71.48,-40.16,66.8,1A9N
ASG,GLY,B,63,58,H,AlphaHelix,-58.91,-35.80,44.1,1A9N
ASG,SER,B,64,59,H,AlphaHelix,-61.83,-41.73,13.5,1A9N
ASG,SER,B,65,60,H,AlphaHelix,-63.15,-45.71,0.0,1A9N
ASG,THR,B,66,61,H,AlphaHelix,-63.05,-43.31,24.7,1A9N
ASG,ASN,B,67,62,H,AlphaHelix,-63.19,-41.92,88.0,1A9N
ASG,ALA,B,68,63,H,AlphaHelix,-59.94,-53.68,0.0,1A9N
ASG,LEU,B,69,64,H,AlphaHelix,-50.87,-48.95,28.1,1A9N
ASG,ARG,B,70,65,H,AlphaHelix,-70.73,-42.12,186.5,1A9N
ASG,GLN,B,71,66,H,AlphaHelix,-77.72,-29.24,140.7,1A9N
ASG,LEU,B,72,67,H,AlphaHelix,-105.38,17.02,11.6,1A9N
ASG,GLN,B,73,68,T,Turn,-63.29,123.05,98.6,1A9N
ASG,GLY,B,74,69,T,Turn,71.90,22.16,35.6,1A9N
ASG,PHE,B,75,70,E,Strand,-73.06,131.63,81.0,1A9N
ASG,PRO,B,76,71,E,Strand,-68.03,119.59,89.4,1A9N
ASG,PHE,B,77,72,E,Strand,-132.10,117.26,18.1,1A9N
ASG,TYR,B,78,73,T,Turn,51.26,49.47,81.6,1A9N
ASG,GLY,B,79,74,T,Turn,83.20,-20.16,76.9,1A9N
ASG,LYS,B,80,75,E,Strand,-119.82,152.46,81.7,1A9N
ASG,PRO,B,81,76,E,Strand,-75.75,112.16,71.8,1A9N
ASG,MET,B,82,77,E,Strand,-73.14,148.56,2.2,1A9N
ASG,ARG,B,83,78,E,Strand,-113.01,125.15,124.3,1A9N
ASG,ILE,B,84,79,E,Strand,-114.81,148.65,3.8,1A9N
ASG,GLN,B,85,80,E,Strand,-155.07,161.64,73.3,1A9N
ASG,TYR,B,86,81,E,Strand,-76.88,140.82,31.6,1A9N
ASG,ALA,B,87,82,C,Coil,-66.59,153.54,4.4,1A9N
ASG,LYS,B,88,83,C,Coil,-66.82,-44.36,177.0,1A9N
ASG,THR,B,89,84,C,Coil,-116.05,172.73,103.9,1A9N
ASG,ASP,B,90,85,C,Coil,-84.03,142.05,57.0,1A9N
ASG,SER,B,91,86,C,Coil,-73.69,139.54,17.4,1A9N
ASG,ASP,B,92,87,H,AlphaHelix,-49.09,-42.50,136.1,1A9N
ASG,ILE,B,93,88,H,AlphaHelix,-62.32,-37.00,61.0,1A9N
ASG,ILE,B,94,89,H,AlphaHelix,-69.66,-47.07,5.8,1A9N
ASG,SER,B,95,90,H,AlphaHelix,-58.05,-36.51,64.4,1A9N
ASG,LYS,B,96,91,H,AlphaHelix,-76.21,-31.62,168.7,1A9N
ASG,MET,B,97,92,H,AlphaHelix,-77.09,-24.20,132.2,1A9N
ASG,ARG,B,98,93,H,AlphaHelix,-86.39,-35.00,160.9,1A9N
ASG,GLY,B,99,94,C,Coil,-130.56,360.00,115.4,1A9N
